NICK;HESLO;UZIVATEL_ID_UZIVATELE
ST1;PASSWORD1;1
ST2;PASSWORD2;2
ST3;PASSWORD3;3
ST4;PASSWORD4;4
ST5;PASSWORD5;5
ST6;PASSWORD6;6
ST7;PASSWORD7;7
ST8;PASSWORD8;8
ST9;PASSWORD9;9
ST10;PASSWORD10;10
ST11;PASSWORD11;11
ST12;PASSWORD12;12
ST13;PASSWORD13;13
ST14;PASSWORD14;14
ST15;PASSWORD15;15
ST16;PASSWORD16;16
ST17;PASSWORD17;17
ST18;PASSWORD18;18
ST19;PASSWORD19;19
ST20;PASSWORD20;20
ST21;PASSWORD21;21
ST22;PASSWORD22;22
ST23;PASSWORD23;23
ST24;PASSWORD24;24
ST25;PASSWORD25;25
ST26;PASSWORD26;26
ST27;PASSWORD27;27
ST28;PASSWORD28;28
ST29;PASSWORD29;29
ST30;PASSWORD30;30
ST31;PASSWORD31;31
ST32;PASSWORD32;32
ST33;PASSWORD33;33
ST34;PASSWORD34;34
ST35;PASSWORD35;35
ST36;PASSWORD36;36
ST37;PASSWORD37;37
ST38;PASSWORD38;38
ST39;PASSWORD39;39
ST40;PASSWORD40;40
ST41;PASSWORD41;41
ST42;PASSWORD42;42
ST43;PASSWORD43;43
ST44;PASSWORD44;44
ST45;PASSWORD45;45
ST46;PASSWORD46;46
ST47;PASSWORD47;47
ST48;PASSWORD48;48
ST49;PASSWORD49;49
ST50;PASSWORD50;50
ST51;PASSWORD51;51
ST52;PASSWORD52;52
ST53;PASSWORD53;53
ST54;PASSWORD54;54
ST55;PASSWORD55;55
ST56;PASSWORD56;56
ST57;PASSWORD57;57
ST58;PASSWORD58;58
ST59;PASSWORD59;59
ST60;PASSWORD60;60
ST61;PASSWORD61;61
ST62;PASSWORD62;62
ST63;PASSWORD63;63
ST64;PASSWORD64;64
ST65;PASSWORD65;65
ST66;PASSWORD66;66
ST67;PASSWORD67;67
ST68;PASSWORD68;68
ST69;PASSWORD69;69
ST70;PASSWORD70;70
ST71;PASSWORD71;71
ST72;PASSWORD72;72
ST73;PASSWORD73;73
ST74;PASSWORD74;74
ST75;PASSWORD75;75
ST76;PASSWORD76;76
ST77;PASSWORD77;77
ST78;PASSWORD78;78
ST79;PASSWORD79;79
ST80;PASSWORD80;80
ST81;PASSWORD81;81
ST82;PASSWORD82;82
ST83;PASSWORD83;83
ST84;PASSWORD84;84
ST85;PASSWORD85;85
ST86;PASSWORD86;86
ST87;PASSWORD87;87
ST88;PASSWORD88;88
ST89;PASSWORD89;89
ST90;PASSWORD90;90
ST91;PASSWORD91;91
ST92;PASSWORD92;92
ST93;PASSWORD93;93
ST94;PASSWORD94;94
ST95;PASSWORD95;95
ST96;PASSWORD96;96
ST97;PASSWORD97;97
ST98;PASSWORD98;98
ST99;PASSWORD99;99
ST100;PASSWORD100;100
ST101;PASSWORD101;101
ST102;PASSWORD102;102
ST103;PASSWORD103;103
ST104;PASSWORD104;104
ST105;PASSWORD105;105
ST106;PASSWORD106;106
ST107;PASSWORD107;107
ST108;PASSWORD108;108
ST109;PASSWORD109;109
ST110;PASSWORD110;110
ST111;PASSWORD111;111
ST112;PASSWORD112;112
ST113;PASSWORD113;113
ST114;PASSWORD114;114
ST115;PASSWORD115;115
ST116;PASSWORD116;116
ST117;PASSWORD117;117
ST118;PASSWORD118;118
ST119;PASSWORD119;119
ST120;PASSWORD120;120
ST121;PASSWORD121;121
ST122;PASSWORD122;122
ST123;PASSWORD123;123
ST124;PASSWORD124;124
ST125;PASSWORD125;125
ST126;PASSWORD126;126
ST127;PASSWORD127;127
ST128;PASSWORD128;128
ST129;PASSWORD129;129
ST130;PASSWORD130;130
ST131;PASSWORD131;131
ST132;PASSWORD132;132
ST133;PASSWORD133;133
ST134;PASSWORD134;134
ST135;PASSWORD135;135
ST136;PASSWORD136;136
ST137;PASSWORD137;137
ST138;PASSWORD138;138
ST139;PASSWORD139;139
ST140;PASSWORD140;140
ST141;PASSWORD141;141
ST142;PASSWORD142;142
ST143;PASSWORD143;143
ST144;PASSWORD144;144
ST145;PASSWORD145;145
ST146;PASSWORD146;146
ST147;PASSWORD147;147
ST148;PASSWORD148;148
ST149;PASSWORD149;149
ST150;PASSWORD150;150
ST151;PASSWORD151;151
ST152;PASSWORD152;152
ST153;PASSWORD153;153
ST154;PASSWORD154;154
ST155;PASSWORD155;155
ST156;PASSWORD156;156
ST157;PASSWORD157;157
ST158;PASSWORD158;158
ST159;PASSWORD159;159
ST160;PASSWORD160;160
ST161;PASSWORD161;161
ST162;PASSWORD162;162
ST163;PASSWORD163;163
ST164;PASSWORD164;164
ST165;PASSWORD165;165
ST166;PASSWORD166;166
ST167;PASSWORD167;167
ST168;PASSWORD168;168
ST169;PASSWORD169;169
ST170;PASSWORD170;170
ST171;PASSWORD171;171
ST172;PASSWORD172;172
ST173;PASSWORD173;173
ST174;PASSWORD174;174
ST175;PASSWORD175;175
ST176;PASSWORD176;176
ST177;PASSWORD177;177
